ID,Text,Is_Activism,Category,Post_Id
1,Sadly lost my familyâ€™s support. Used to love you guys until you became political.,True,Environmental,Cv0KdTzsm16
2,This is awesome. I love you guys.,False,Environmental,Cv0KdTzsm16
3,wow nice! now release more non dairy flavors pls,False,Environmental,Cv0KdTzsm16
4,This is so awesome!! This is why I love Ben & Jerryâ€™s!!,False,Environmental,Cv0KdTzsm16
5,So cool! ðŸ’¯ðŸ’¯ðŸ’¯,False,Environmental,Cv0KdTzsm16
6,they need to put raspberry cheesecake core in NY and Jersey iâ€™m not playing with them.,False,Environmental,Cv0KdTzsm16
7,!ðŸ–¤!,False,Environmental,Cv0KdTzsm16
8,Anyone who buys this crap brand hates America and the native Americans at the same time!!!,False,Environmental,Cv0KdTzsm16
9,Are their any woke idealogies that Ben and Jerry's don't follow? Or have the gone full ree t ard?,False,Environmental,Cv0KdTzsm16
10,When are you giving your stolen land back?,False,Environmental,Cv0KdTzsm16
11,Your company would no longer have an impact on the planet if you gave your land back to the natives,False,Environmental,Cv0KdTzsm16
12,Poop ice cream is back!! Do u really it this crap???,False,Environmental,Cv0KdTzsm16
13,"I get it that you need to post or parish to not be forgotten by the algorithm, but you guys got to start sharing some details on your plan to transfer land back to the indigenous tribes. It's starting to come off as if you were just making all those post about hating America and stolen land just to score internet points with some of most simple minded of your supporters. But I know that's not true. I know it wasn't an empty virtue signal. We don't need all the details, but just confirmation that it's happening would be enough. Thanks! You guys are rock stars for doing this! ðŸ¨ðŸžï¸â˜®ï¸",False,Environmental,Cv0KdTzsm16
14,BJ ice cream cost everyone who buys your crap because it's made with proceeds from stealing Indians land. Prove that you ice cream doesn't cost society. You still have to transport tour products to markets via petroleum fueled vehicles. Be honest about your statements! You products aren't free to make!,False,Environmental,Cv0KdTzsm16
15,Dont buy this crap!!! Thos company hates america!!,False,Environmental,Cv0KdTzsm16
16,"This post is as terrible as the ingredients in your ""ice cream"" if you are allowed to call it that legally @benandjerrys",False,Environmental,Cv0KdTzsm16
17,Scam,False,Environmental,Cv0KdTzsm16
18,Does that mean I can put your ice cream on my car instead of going to the gas station?,False,Environmental,Cv0KdTzsm16
19,Sheesh. The world is not coming to an end because of climate change!ðŸ™„,False,Environmental,Cv0KdTzsm16
20,ðŸ’•,False,Environmental,Cv0KdTzsm16
21,Amazing!!,False,Environmental,Cv0KdTzsm16
22,Yes berry and Jerryâ€™s is the best ice cream for famous people in America ðŸ‡ºðŸ‡¸,False,Environmental,Cv0KdTzsm16
23,ðŸ‘ðŸ‘ðŸ‘ðŸ‘ðŸ‘ðŸ‘ðŸ‘,False,Environmental,Cv0KdTzsm16
24,Farted laughing ðŸ˜‚ðŸ˜‚ðŸ˜‚ðŸ˜‚ðŸ˜‚.,False,Environmental,Cv0KdTzsm16
25,Poop ice cream!!,False,Environmental,Cv0KdTzsm16
26,ðŸ™ŒðŸ™ŒðŸ™Œ,False,Environmental,Cv0KdTzsm16
27,I love BJs,False,Environmental,Cv0KdTzsm16
28,Timothy Snyder,False,Environmental,Cv0KdTzsm16
29,ðŸ”¥ðŸ”¥ðŸ”¥ðŸ”¥ðŸ”¥,False,Environmental,Cv0KdTzsm16
30,â¤ï¸â¤ï¸,False,Environmental,Cv0KdTzsm16
31,Ohh shut uppp,False,Environmental,Cv0KdTzsm16
32,Ph0ny,False,Environmental,Cv0KdTzsm16
33,God this company is a joke,False,Environmental,Cv0KdTzsm16
34,"Camping on stolen, indigenous land? When will you return your land to the Abenaki?",False,None,CvvOTwjN5Ky
35,"A group funded by Ben & Jerryâ€™s founder Ben Cohen is running a media campaign against U.S. military support for Ukraine. Ben & Jerryâ€™s are still selling in russia, therefore, funding the genocide of Ukrainian nation.",False,None,CvvOTwjN5Ky
36,Insane that ben and Jerry's continues to promote it's ice cream while it produces and profits from living and working on what they call stolen land. Why does anyone support their business?,False,None,CvvOTwjN5Ky
37,"A product of a foreign company that spreads anti-American propaganda. They talk crap while they take your money. Their other products: Dove, Hellmannâ€™s, Klondike. Not for me.",False,None,CvvOTwjN5Ky
38,Give the land back,False,None,CvvOTwjN5Ky
39,"what you call camping, indigenous people call life. a life they canâ€™t have with you on their stolen land. give it back ben. you too jerry.",False,None,CvvOTwjN5Ky
40,Ben & Jerry's has not yet publicly responded to calls to return the land its headquarters is situated on.,False,None,CvvOTwjN5Ky
41,I bet the natives would love to go camping on the land that you stole. Sitting next to a freezer full of ice cream isn't camping. That's called leaving a carbon footprint in an urban environment.,False,None,CvvOTwjN5Ky
42,Still operating your multi million dollar for profit business on stolen land? When will Ben and Jerry's take action and return their land to the natives??? ðŸ˜«ðŸ˜«ðŸ˜«ðŸ˜«,False,None,CvvOTwjN5Ky
43,"Half baked, just like your marketing team.",False,None,CvvOTwjN5Ky
44,"Can we get a half baked with MORE cookie dough pieces?? We need more of that, thereâ€™s only like 5 pieces in each. PLEASE",False,None,CvvOTwjN5Ky
45,"Ben and Jerry's, please set an example for everyone and give all land you own to local tribes. It's the right thing to do!",False,None,CvvOTwjN5Ky
46,"Better flavor, Half Asses! B = 1/2 Ass and J = the other 1/2 Ass. The 2 together don't add up to the whole ASSES THAT THEY ARE! How's on top? I guess it doesn't matter because when you have 2 ASSES mate they produce a Mule who can't reproduce. That's a real relief though!",False,None,CvvOTwjN5Ky
47,Me camping in my backyard ðŸ˜‚,False,None,CvvOTwjN5Ky
48,The Coosuk Abanati nation has agreed they will except their land back from you. Why won't you respond?,False,None,CvvOTwjN5Ky
49,Half baked is the best ice cream out there,False,None,CvvOTwjN5Ky
50,Yum,False,None,CvvOTwjN5Ky
51,â¤ï¸â¤ï¸â¤ï¸,False,None,CvvOTwjN5Ky
52,Ice cream makes it good!â¤ï¸,False,None,CvvOTwjN5Ky
53,What is special about Tillamook Ice Cream?,False,None,CvvOTwjN5Ky
54,ðŸ—‘ï¸ðŸ—‘ï¸ðŸ—‘ï¸,False,None,CvvOTwjN5Ky
55,"Better name, Half Ss",False,None,CvvOTwjN5Ky
56,#boycottbenandjerrys because their owners @unilever won't stop giving #Putin money,False,None,CvvOTwjN5Ky
57,ðŸ¤¢ðŸ¤¢ðŸ¤¢,False,None,CvvOTwjN5Ky
58,@benandjerrys i know how political you are in telling us how to think. How do you feel about child mutilation? Gender transitions for underage kids?,False,None,CvvOTwjN5Ky
59,You guys suck. When are you leaving Indian soil?,False,None,CvvOTwjN5Ky
60,Jerry is hairy,False,None,CvvOTwjN5Ky
61,Camping. Is borrowing land. You should know this.,False,None,CvvOTwjN5Ky
62,Yummy,False,None,CvvOTwjN5Ky
63,This is a pint of diabetes and obesity. This is cancer every bit as much as cigarettes. And this is a company as greedy as any other and they hate America. ðŸ¤®,False,None,CvvOTwjN5Ky
64,Stop stealing land from indigenous tribes. Give your HQ back now.,False,None,CvvOTwjN5Ky
65,Are you returning stolen land?,False,None,CvptUf5O-jO
66,How about your parent company Unilever removing its operations in Russia. Or does this company support genocide as well as land grabs.,False,None,CvptUf5O-jO
67,So what's going on with Ben and Jerry's returning their land back in Vermont? The Abenaki Nation want it back,False,None,CvptUf5O-jO
68,Return the stolen land you have taken from the native Americans. Do the right thing. Unless you were virtue signaling ðŸ¤·â€â™‚ï¸ðŸ¤·â€â™‚ï¸ðŸ¤·â€â™‚ï¸,False,None,CvptUf5O-jO
69,"Hmmmmm, doesn't seem like anyone really cares about making a guess, we are still waiting for you to acknowledge what you wrote on July 4th. I think it'd be best for you to quit making post because we aren't going to quit until you answer the BIG question.",False,None,CvptUf5O-jO
70,This account definitely does more harm than good for ben and Jerryâ€™s,False,None,CvptUf5O-jO
71,When is Ben & Jerryâ€™s returning the stolen indigenous land their HQ sits on?,False,None,CvptUf5O-jO
72,"Owned by Unilever, a foreign company distributing anti-American propaganda. I donâ€™t want your ice cream, Dove soap, Hellmanns mayo, Klondike bars. Your not even an American company. Go stir up crap on your own land.",False,None,CvptUf5O-jO
73,I need a Ben and Jerryâ€™s shovel to eat my ice cream!,False,None,CvptUf5O-jO
74,Is this what you want to feed your kids? Sugar and more sugar and fat? This is a pack of cigarettes in a different package.,False,None,CvptUf5O-jO
75,Show the world you stand by what you say and return your stolen lands!,False,None,CvptUf5O-jO
76,"Give the land back, that is all.",False,None,CvptUf5O-jO
77,Is that 28 days until you give your land back to the natives?,False,None,CvptUf5O-jO
78,This is my favorite ice cream,False,None,CvptUf5O-jO
79,"@benandjerrys why are you ignoring the plight of the indigenous people who are asking for their land back? You posted that America should give the land back, why are you not? Iâ€™m confused, please stop ignoring their plight",False,None,CvptUf5O-jO
80,"Once again ben and Jerryâ€™s, no one cares about your virtue signaling ðŸ¤¦",False,None,CvptUf5O-jO
81,Ben & Jerry's has not yet publicly responded to calls to return the land its headquarters is situated on.,False,None,CvptUf5O-jO
82,33,False,None,CvptUf5O-jO
83,Have you given back the land your HQ is built on yet?,False,None,CvptUf5O-jO
84,@mrskrufka 27 more than Tillamanook,False,None,CvptUf5O-jO
85,Have you ever wondered how many commies run b&j?,False,None,CvptUf5O-jO
86,Its time for this company to leave the US for good!,False,None,CvptUf5O-jO
87,Please dont buy this ice cream is contaminated with stolen land head quarters. Plus it tastes like poop. To top it off. This company hates America,False,None,CvptUf5O-jO
88,Keep supporting the right causes! Ben & Jerryâ€™s is awesome! âœŠ,False,None,CvptUf5O-jO
89,Land back,False,None,CvptUf5O-jO
90,This is giving me stolen land company activity,False,None,CvptUf5O-jO
91,Please give any land you own back to tribes... don't be hypocrites. Lead by example,False,None,CvptUf5O-jO
92,"Business is good, if you start with stolen property.",False,None,CvptUf5O-jO
93,At least this post isnâ€™t political,False,None,CvptUf5O-jO
94,"Sorry, but I can't buy your artery hardening ice cream until you return every bit of stolen land and apologize to the Natives you stole it from.",False,None,CvptUf5O-jO
95,BJs can count big time especially when they are getting benefits from land the stole from the Indians! Try and set up an ice cream shop in the Westbank to see how many Israelis buy your products ðŸ¤”,False,None,CvptUf5O-jO
96,4 Wo.GefÃ¤llt 2 MalAntworten,False,None,CvptUf5O-jO
97,Garbage ice cream making people obese manufactured on stolen land. Disgusting...,False,None,CvptUf5O-jO
98,So delicious!â¤ï¸â¤ï¸â¤ï¸,False,None,CvptUf5O-jO
99,Bring back the sweet like sugar cookie dough core plzzz ðŸ˜­ðŸ«¶ðŸ»ðŸ«¶ðŸ»,False,None,CvptUf5O-jO
100,i guessed 27!!!,False,None,CvptUf5O-jO
101,I need proof.... ðŸ¤¤ ðŸ¤¤,False,None,CvptUf5O-jO
102,I need a shovel but with longer handle,False,None,CvptUf5O-jO
103,â¤ï¸,False,None,CvptUf5O-jO
104,Poop ice cream,False,None,CvptUf5O-jO
105,People u consume this company's ice cream does not love the red white and blue!,False,None,CvptUf5O-jO
106,We guessed 27 of course ðŸ©µ,False,None,CvptUf5O-jO
107,SLAVA UKRAINE ðŸ’™ðŸ’›,False,None,CvptUf5O-jO
108,When do the Abenaki get their land back?,False,None,CvptUf5O-jO
109,YummyðŸ‘ŒðŸ‘ŒðŸ‘ŒðŸ‘ŒðŸ‘Œ,False,None,CvptUf5O-jO
110,"Vaseline, Dove, Hellmannâ€™s, Axe.",False,None,CvptUf5O-jO
111,Yum,False,None,CvptUf5O-jO
112,What is special about Tillamook Ice Cream?,False,None,CvptUf5O-jO
113,Who ate the leftover ice cream?!,False,None,CvptUf5O-jO
114,@blue_bunny is way better.,False,None,CvptUf5O-jO
115,What happened to the ice cream,False,None,CvptUf5O-jO
116,@benandjerrys so youâ€™re telling me that thereâ€™s over 2 dozen chunks of cookie madness in just 1 little pint of ice cream? Thatâ€™s actually pretty crazy because I actually thought it was a little more than that. Thank you for the info! ðŸ„ðŸ¦ðŸ‘,False,None,CvptUf5O-jO
117,Pop it like itâ€™s hot. #benandjerrys #icecreampops #icecreamhack #icecream #summerdessert #easydessert #beattheheat,False,None,Cvh91fVLxIo
118,So you stopped with the anti american/racist propaganda? ðŸ¤”,False,None,Cvh91fVLxIo
119,Thanks for raising awareness for the indigenous community!,False,None,Cvh91fVLxIo
120,Nice ! Good tip for the icecream pop But i prefer benjerry's icecream without any topping ðŸ˜ðŸ˜â¤ï¸â¤ï¸,False,None,Cvh91fVLxIo
121,Is this icecream made in stolen lands?,False,None,Cvh91fVLxIo
122,"FIRST OF ALL, NO BEN AMD JERRYâ€™S SLANDER WILL BE TOLERATED!",False,None,Cvh91fVLxIo
123,"No thanks, only eat ice cream made in America!",False,None,Cvh91fVLxIo
124,Anybody else cringe like me when you see wooden sticks being used? Gag,False,None,Cvh91fVLxIo
125,Can yâ€™all stop exploiting animals? Drop the animal ingredients from your products and go vegan already!,False,None,Cvh91fVLxIo
126,Yummy. Have a nice weekend everyone.,False,None,Cvh91fVLxIo
127,I was like NOOOOOI!!! Then I was like YEEESSSSSS!!! ðŸ˜‚,False,None,Cvh91fVLxIo
128,Okay @benandjerrys go off! ðŸ”¥,False,None,Cvh91fVLxIo
129,I am loving ðŸ¥° @blue_bunny ice cream these days!! If you donâ€™t know about their ice cream you should!,False,None,Cvh91fVLxIo
130,@haleymjane this might be an interesting hack for popsicles for residents.,False,None,Cvh91fVLxIo
131,Still never buying anything from @benandjerrys #gowokegobroke ðŸ”¥,False,None,Cvh91fVLxIo
132,Ohhhh look at these @kbillings22,False,None,Cvh91fVLxIo
133,@shannonmacika,False,None,Cvh91fVLxIo
134,@benandjerrys have you returned the stolen land? Youâ€™re not hypocrites are you? No more random posting not about you actually doing something to rectify the past,False,None,Cvh91fVLxIo
135,Let's DIY Real Estate and give your land back to the natives,False,None,Cvh91fVLxIo
136,Giving your Vermont land back yet? I guess lip service/ virtual signaling is the extent of your convictions. Not buying this stuff anymore.. ðŸ‘ŽðŸ»ðŸ‘ŽðŸ»ðŸ‘ŽðŸ»,False,None,Cvh91fVLxIo
137,@benandjerrys you should design one with a hammer and sickle!,False,None,Cvh91fVLxIo
138,Eating this poop ice cream is the equivalent of burning or stomping our beautiful flag. Don't you forget it!!,False,None,Cvh91fVLxIo
139,This company is all about hating the United States. Stop buying this poop Ice cream!!!,False,None,Cvh91fVLxIo
140,The crap I poop looks better than this company products!,False,None,Cvh91fVLxIo
141,Blue bell> Poop and Jerrys,False,None,Cvh91fVLxIo
142,Poop and Jerrys why dont u return ur land to the indian people!!,False,None,Cvh91fVLxIo
143,U obviously work for poop and jerrys. A company that hates americans,False,None,Cvh91fVLxIo
144,Nice ! Good tip for the icecream pop But i prefer benjerry's icecream without any topping ðŸ˜ðŸ˜â¤ï¸â¤ï¸,False,None,Cvh91fVLxIo
145,Yum tum yum,False,None,Cvh91fVLxIo
146,Poop and Jerry's!!!,False,None,Cvh91fVLxIo
147,P,False,None,Cvh91fVLxIo
148,O,False,None,Cvh91fVLxIo
149,O,False,None,Cvh91fVLxIo
150,P,False,None,Cvh91fVLxIo
151,Blue bell: heaven,False,None,Cvh91fVLxIo
152,Poop and Jerrys: caca un a cup,False,None,Cvh91fVLxIo
153,I prefer eating caca than this nasty ice cream,False,None,Cvh91fVLxIo
154,O MG YUM,False,None,Cvh91fVLxIo
155,4 Wo.Antworten,False,None,Cvh91fVLxIo
156,ðŸ˜ðŸ˜ðŸ˜,False,None,Cvh91fVLxIo
157,Yum,False,None,Cvh91fVLxIo
158,ðŸ”¥,False,None,Cvh91fVLxIo
159,ðŸ˜,False,None,Cvh91fVLxIo
160,@mszaulis can we make these,False,None,Cvh91fVLxIo
161,ðŸ¤¤,False,None,Cvh91fVLxIo
162,I want that smoke bro. Stop running. I'm done with the likes of you ruining a good time and I damn sure tired of y'all ruining my @benandjerrys addiction ðŸ˜¡!!,False,None,Cvh91fVLxIo
163,This looks delicious and is soo easy to make!,False,None,Cvh91fVLxIo
164,Wow!,False,None,Cvh91fVLxIo
165,Hi @benandjerrys,False,None,Cvh91fVLxIo
166,â¤ï¸,False,None,Cvh91fVLxIo
167,Hereâ€™s a hack. Drink bleach,False,None,Cvh91fVLxIo
168,This company os anti american. Please dont buy their poop i e cream!,True,Environmental,CvfJn33MsUZ
169,"Worrying about footprint ON STOLEN LAND, how noble of you. ðŸ¤£ðŸ¤£ðŸ¤£ðŸ¤£",False,Environmental,CvfJn33MsUZ
170,Give the land back already. Leave the US. Give away all profits,False,Environmental,CvfJn33MsUZ
171,Can't wait for you to post that ice cream is racistðŸ¤£ðŸ¤£ðŸ¤£,False,Environmental,CvfJn33MsUZ
172,3 things to know. 1. Youâ€™re still on their land. 2. GIVE BACK THEIR LAND. 3. WTF ARE YOU STILL DOING ON THEIR LAND!!!???,False,Environmental,CvfJn33MsUZ
173,So yall gona return your stolen lands back to the indigenous people or what,False,Environmental,CvfJn33MsUZ
174,Poop ice cream!! Leave the US for good!!,False,Environmental,CvfJn33MsUZ
175,Don't care.,False,Environmental,CvfJn33MsUZ
176,You're on STOLEN land. Clowns,False,Environmental,CvfJn33MsUZ
177,Return your land to the natives you built your headquarters on,False,Environmental,CvfJn33MsUZ
178,"You should probably return the stolen land before you move on to paper, which is a renewable resource.",False,Environmental,CvfJn33MsUZ
179,i have native american ancestors. give me ur land right now itâ€™s rightfully mine.,False,Environmental,CvfJn33MsUZ
180,"Maybe your are really changing your pints to trick people into buying your ice cream and not really caring about the environment?? Because where I shop no one is buying your ice cream anymore. You've done pissed people off and you refuse to answer or acknowledge the big question that you threw out on the 4th of July, ignoring it like it never happened. It should be obvious that we aren't going to forget by looking at the responses to your post since that day.",False,Environmental,CvfJn33MsUZ
181,What happened to giving back rightful land ðŸ˜‚ðŸ˜‚ðŸ˜‚,False,Environmental,CvfJn33MsUZ
182,Wait... What is this? You guys were supposed to make a post about the transfer of land back to the tribes over the weekend before Indigenous Peoples' Day. What is this about?,False,Environmental,CvfJn33MsUZ
183,"I donâ€™t know whatâ€™s going on with everyone, but thank you for actively doing stuff to help the planet",False,Environmental,CvfJn33MsUZ
184,TAKE ACCOUNTABILITY FOR DISRESPECTING THIS COUNTRY,False,Environmental,CvfJn33MsUZ
185,4 Wo.GefÃ¤llt 2 MalAntworten,False,Environmental,CvfJn33MsUZ
186,WE DONT WANT UR TRASH ICECREAM IN AMERICA,False,Environmental,CvfJn33MsUZ
187,america,False,Environmental,CvfJn33MsUZ
188,4 Wo.GefÃ¤llt 1 MalAntworten,False,Environmental,CvfJn33MsUZ
189,4 Wo.GefÃ¤llt 1 MalAntworten,False,Environmental,CvfJn33MsUZ
190,Sure. No one believes that,False,Environmental,CvfJn33MsUZ
191,Love your products and ethos ðŸ«¶,False,Environmental,CvfJn33MsUZ
192,"So glad youâ€™re conscious of this! But honestly, why not use aluminum or glass or plastic that can be reused or recycled?",False,Environmental,CvfJn33MsUZ
193,4 Wo.GefÃ¤llt 1 MalAntworten,False,Environmental,CvfJn33MsUZ
194,What is special about Tillamook Ice Cream?,False,Environmental,CvfJn33MsUZ
195,Thanks for raising awareness for indigenous communitiesðŸ¤Ž,False,Environmental,CvfJn33MsUZ
196,Iâ€™ll spend my money on ice cream companies who love the ðŸ‡ºðŸ‡¸. Yaâ€™ll do not!!!! @benandjerrys #boycottbenandjerrys ðŸ”¥ðŸ”¥ðŸ”¥ðŸ”¥,False,Environmental,CvfJn33MsUZ
197,Will your pints be fully recyclable in the future?? I hate having to throw them away.,False,Environmental,CvfJn33MsUZ
198,Poop and jerrys!!,False,Environmental,CvfJn33MsUZ
199,Love Ben and Jerryâ€™s!!!,False,Environmental,CvfJn33MsUZ
200,ðŸ‡ºðŸ‡¸ðŸ‡ºðŸ‡¸ðŸ‡ºðŸ‡¸ðŸ‡ºðŸ‡¸,False,Environmental,CvfJn33MsUZ
201,ðŸŒ²ðŸŒ²ðŸŒ²ðŸŒ²,False,Environmental,CvfJn33MsUZ
202,Informative postâ€¦thank you ðŸŒ²,False,Environmental,CvfJn33MsUZ
203,ðŸ‡ºðŸ‡¸ðŸ‡ºðŸ‡¸ðŸ‡ºðŸ‡¸ðŸ‡ºðŸ‡¸ðŸ‡ºðŸ‡¸,False,Environmental,CvfJn33MsUZ
204,ðŸ‡ºðŸ‡¸ðŸ‡ºðŸ‡¸ðŸ‡ºðŸ‡¸ðŸ‡ºðŸ‡¸ðŸ‡ºðŸ‡¸,False,Environmental,CvfJn33MsUZ
205,ðŸ‡ºðŸ‡¸ðŸ‡ºðŸ‡¸ðŸ‡ºðŸ‡¸ðŸ‡ºðŸ‡¸ðŸ‡ºðŸ‡¸,False,Environmental,CvfJn33MsUZ
206,ðŸ‡ºðŸ‡¸ðŸ‡ºðŸ‡¸ðŸ‡ºðŸ‡¸ðŸ‡ºðŸ‡¸ðŸ‡ºðŸ‡¸,False,Environmental,CvfJn33MsUZ
207,ðŸ‘ðŸ‘ðŸ©·,False,Environmental,CvfJn33MsUZ
208,â˜®ï¸ â¤ï¸ðŸ¦,False,Environmental,CvfJn33MsUZ
209,Thank you for always innovating and improving!,False,Environmental,CvfJn33MsUZ
210,Thank you â¤ï¸,False,Environmental,CvfJn33MsUZ
211,â¤ï¸â¤ï¸â¤ï¸â¤ï¸,False,Environmental,CvfJn33MsUZ
212,â¤ï¸,False,Environmental,CvfJn33MsUZ
213,ðŸ‘ðŸ‘ðŸ‘,False,Environmental,CvfJn33MsUZ
214,ðŸ‘ðŸ‘ðŸ‘,False,Environmental,CvfJn33MsUZ
215,ðŸ‘ðŸ¿ðŸ‘ðŸ¿ðŸ‘ðŸ¿ðŸ”¥ðŸ”¥ðŸ”¥,False,Environmental,CvfJn33MsUZ
216,ðŸ™Œ,False,Environmental,CvfJn33MsUZ
217,ðŸ‡ºðŸ‡¸ðŸ‡ºðŸ‡¸ðŸ‡ºðŸ‡¸ðŸ‡ºðŸ‡¸ðŸ‡ºðŸ‡¸ðŸ‡ºðŸ‡¸,False,Environmental,CvfJn33MsUZ
218,What about the use of PFAS and other per/poly fluorinated substances in paper packaging like ice cream containers? PFAS are forever chemicals that don't easily leave the body and have been linked to multiple organ system disorders and are known endocrine disruptors. These substances are used in non-stick coatings and also coatings on paper products that make them waterproof and resistant to fats and oils (like those found in ice cream). What plans does Ben & Jerry's have to lessen the impact PFAS have on human health and the environment?,False,Environmental,CvfJn33MsUZ
219,Use recycled duh,False,Environmental,CvfJn33MsUZ
220,@oatly should def join as it uses paper for most of its packaging (if theyâ€™re not in a similar program already),False,Environmental,CvfJn33MsUZ
221,Climate change is fake and if it was even real there's not one damn thing America can do to change it!! Lol pathetic. Start a new agenda!!,False,Environmental,CvfJn33MsUZ
222,Is aluminum a possibility with ice cream? Easier to rinse and recycle,False,Environmental,CvfJn33MsUZ
223,What would conversion to Hemp packaging look like?,False,Environmental,CvfJn33MsUZ
224,NO ONE CARES,False,Environmental,CvfJn33MsUZ
225,GET OUT OF AMERICA,False,Environmental,CvfJn33MsUZ
226,gonna go buy a bunch more paper just for you guys.,False,Environmental,CvfJn33MsUZ
227,DONT BUY FROM THIS TRASH COMPANY IF YOU LOVE AMERICA,False,Environmental,CvfJn33MsUZ
228,GIVE BACK UR STOLEN LAND,False,Environmental,CvfJn33MsUZ
229,ALL UR PROFITS BETTER BE GOING TO THE NATIVES,False,Environmental,CvfJn33MsUZ
230,AS AN AMERICAN WITH NATIVE AMERICAN DECENDENTS I DEMAND YOU GIVE ME UR LAND RIGHT NOW!!!!!!!!!,False,Environmental,CvfJn33MsUZ
231,this company HATES AMERICA,False,Environmental,CvfJn33MsUZ
232,AMERICA HATING COMPANY,False,Environmental,CvfJn33MsUZ
233,CANCER CAUSING ICECREAM,False,Environmental,CvfJn33MsUZ
234,THIS COMPANY ABUSES MIGRANT CHILDREN,False,Environmental,CvfJn33MsUZ
235,NO ONE CARES,False,Environmental,CvfJn33MsUZ
236,NO ONE CARES,False,Environmental,CvfJn33MsUZ
237,NO ONE CARESSSSSS,False,Environmental,CvfJn33MsUZ
238,ðŸ˜‚ðŸ˜‚ðŸ˜‚ðŸ˜‚ðŸ˜‚,False,Environmental,CvfJn33MsUZ
239,ðŸ˜‚ðŸ˜‚ðŸ˜‚ðŸ˜‚ðŸ˜‚,False,Environmental,CvfJn33MsUZ
240,ðŸ˜‚ðŸ˜‚ðŸ˜‚ðŸ˜‚ðŸ˜‚ðŸ˜‚,False,Environmental,CvfJn33MsUZ
241,NO ONE GIVES A CRAP,False,Environmental,CvfJn33MsUZ
242,Love to see it,False,Environmental,CvfJn33MsUZ
243,â¤ï¸â¤ï¸â¤ï¸â¤ï¸,False,Environmental,CvfJn33MsUZ
244,"But dairy farming isnâ€™t? Deforestation to make pastures for the cows, immense amounts of water used, a crap ton of methane emission, polluting the water with nitrogen, 50% of all food CO2 emissions are from raising cows. Iâ€™m not anti-meat, I love me a good juicy steak, but complaining about an issue that you are directly contributing to is beyond me. Give back your land while youâ€™re at it too.",False,Environmental,CvfJn33MsUZ
245,When are you giving back the land you stole?,False,Environmental,CvfJn33MsUZ
246,I hope one day you go 100% animal free. â¤ï¸,False,Environmental,CvfJn33MsUZ
247,Align your actions with your values by going fully plant-based,False,Environmental,CvfJn33MsUZ
248,"Ben and Jerryâ€™s doesnâ€™t use any recycled paperboard in their pints lol, all virgin SBS",False,Environmental,CvfJn33MsUZ
249,"Finally a common sense, non-woke post! Thank you.",False,Environmental,CvfJn33MsUZ
250,@benandjerrys have you returned the stolen land? Youâ€™re not hypocrites are you? No more random posting not about you actually doing something to rectify the past,False,Environmental,CvfJn33MsUZ
251,Land Back? What is the status is the local tribe to discuss getting their land back under your head office????â€¦ words matter. Indigenous issues are not a sound bit.,False,Environmental,CvfJn33MsUZ
252,"i was just dreading how hot it was today. and how hot next summer will be. and the next one, and the next one. thank you guys for doing your part, industrial waste is HUGE in CO2 emissions.",False,Environmental,CvfJn33MsUZ
253,â¤ï¸,False,Environmental,CvfJn33MsUZ
254,"Letâ€™s end this. Look up Unilever and their products, and find alternatives made in America.",False,Environmental,CvfJn33MsUZ
255,"3 things you might not know... Your headquarters is built on stolen indigenous land, you have been asked to return it by a leader of the Abenaki, you have refused to do so.",False,Environmental,CvfJn33MsUZ
256,These guys are officially virtue signaling a-holes with almost every post.,False,Environmental,CvfJn33MsUZ
257,Yâ€™all suck Richard,False,Environmental,CvfJn33MsUZ
258,Ben & Jerryâ€™s parent company has lost nearly $2 billion in market cap amid calls to boycott the Vermont-based ice cream maker over a July 4 tweet condemning the US for existing on â€œstolen Indigenous land.â€,False,None,CvaOc71JI1K
259,GET OUT OF AMERICA,False,None,CvaOc71JI1K
260,Give back stolen land when?,False,None,CvaOc71JI1K
261,Spoons out. Suns out. You're still on stolen land.,False,None,CvaOc71JI1K
262,GET OUT OF AMERICA,False,None,CvaOc71JI1K
263,get out of this country.,False,None,CvaOc71JI1K
264,So did you return your headquarters to the Abenaki yet?,False,None,CvaOc71JI1K
265,WE WONT STOP!!!! GET OUT OF AMERICA,False,None,CvaOc71JI1K
266,given ur stolen land back yet?,False,None,CvaOc71JI1K
267,"suns out, ben & jerrys OUT OF THIS COUNTRY ðŸ‡ºðŸ‡¸ðŸ‡ºðŸ‡¸ðŸ‡ºðŸ‡¸ðŸ‡ºðŸ‡¸ðŸ‡ºðŸ‡¸",False,None,CvaOc71JI1K
268,Ben and Jerry are land thieves and must be held accountable for the destruction of the sacred land which they occupy.,False,None,CvaOc71JI1K
269,Ben & Jerry's has not yet publicly responded to calls to return the land its headquarters is situated on.,False,None,CvaOc71JI1K
270,What do we want? -Our land back- When do we want it?,False,None,CvaOc71JI1K
271,trash icecream thatâ€™s proven to cause cancer.,False,None,CvaOc71JI1K
272,go bankrupt. respectfully.,False,None,CvaOc71JI1K
273,Hey guys. Someone called and wants their land back. They said you would know what thatâ€™s about. ðŸ˜‚,False,None,CvaOc71JI1K
274,Ben & Jerryâ€™s is awesome! Love the causes you support! âœŠ,False,None,CvaOc71JI1K
275,Looks like youâ€™re on my land!!,False,None,CvaOc71JI1K
276,Time to give back your land to the abenaki tribe. F,False,None,CvaOc71JI1K
277,WE WONT STOP!!!! GET OUT OF AMERICA,False,None,CvaOc71JI1K
278,When you giving your land back to the Indians ? #unilever #cowscauseclimatechange #climatechange,False,None,CvaOc71JI1K
279,Garbage ice cream!! I wont stop exposing ur poop company!!! People stop buying this crap. There are much better and patriotic ice creams made i. The US!!!,False,None,CvaOc71JI1K
280,Poop and jerrys. Anti american company!!!,False,None,CvaOc71JI1K
281,5 Wo.GefÃ¤llt 2 MalAntworten,False,None,CvaOc71JI1K
282,Diabetes and obesity. ðŸ¤®,False,None,CvaOc71JI1K
283,Thanks for raising awareness for indigenous communities!,False,None,CvaOc71JI1K
284,My Danes poop looks and smells better than this crap!,False,None,CvaOc71JI1K
285,Poop in a cup. Leave the US for good!!!,False,None,CvaOc71JI1K
286,5 Wo.Antworten,False,None,CvaOc71JI1K
287,"Tootie fruity B & J sold? No, Stolen from indigent people!",False,None,CvaOc71JI1K
288,I already bought Ben and Jerryâ€™s todayâ€¦ you thought by invading my privacy and taking that information and then swarming me with ads I would go buy MORE?,False,None,CvaOc71JI1K
289,5 Wo.GefÃ¤llt 3 MalAntworten,False,None,CvaOc71JI1K
290,Poop and jerrys!,False,None,CvaOc71JI1K
291,P,False,None,CvaOc71JI1K
292,P,False,None,CvaOc71JI1K
293,o,False,None,CvaOc71JI1K
294,â¤ï¸â¤ï¸â¤ï¸,False,None,CvaOc71JI1K
295,O,False,None,CvaOc71JI1K
296,ðŸ‡µðŸ‡¸â¤ï¸ðŸ˜,False,None,CvaOc71JI1K
297,ahhhhðŸ˜,False,None,CvaOc71JI1K
298,Promote it on @vermont_fams ðŸ…,False,None,CvaOc71JI1K
299,Caca ice cream,False,None,CvaOc71JI1K
300,*right those wrongs,False,None,CvaOc71JI1K
301,5 Wo.Antworten,False,None,CvaOc71JI1K
302,5 Wo.Antworten,False,None,CvaOc71JI1K
303,5 Wo.Antworten,False,None,CvaOc71JI1K
304,5 Wo.Antworten,False,None,CvaOc71JI1K
305,5 Wo.Antworten,False,None,CvaOc71JI1K
306,5 Wo.Antworten,False,None,CvaOc71JI1K
307,5 Wo.Antworten,False,None,CvaOc71JI1K
308,5 Wo.Antworten,False,None,CvaOc71JI1K
309,5 Wo.Antworten,False,None,CvaOc71JI1K
310,5 Wo.Antworten,False,None,CvaOc71JI1K
311,5 Wo.Antworten,False,None,CvaOc71JI1K
312,5 Wo.Antworten,False,None,CvaOc71JI1K
313,What about that stole land you need to give back? #cancelbenandjerrys,False,None,CvaOc71JI1K
314,5 Wo.Antworten,False,None,CvaOc71JI1K
315,Thank you for standing by your principles and promising to return all lands to the Native American tribes! Other companies just like to virtue signal by making post in solidarity of issues they hope to never have to make good on. But not you guys! You guys are incredible for doing this!,False,None,CvaOc71JI1K
316,The comment on the front is a fake account with 0 posts I would imagine the commie marketing team came up with thatâ€¦,False,None,CvaOc71JI1K
317,If your not giving back the stolen land will you at least share the profits with the people you stole from?,False,None,CvaOc71JI1K
318,Are you going to give back the land to the Native-American tribe?,False,None,CvaOc71JI1K
319,How about a #stolenland flavour with proceeds going to #americanindians ðŸŒ½ corn ice cream and pumpkin seeds I am sure your company can think of something while good old Ben and Jerry use their ðŸ› inside their house on Indian land. Oh the irony .. the pot calling the kettle black #theviewabc #cowsmilkisforbabycows #americanindianmovement #benandjerrys #climatechange #gretathunberg #vegan #animalabuse #bbc #cnn #msnbc #unilever #boycottbenandjerrys #vermont,False,None,CvaOc71JI1K
320,â¤ï¸ðŸ”¥â¤ï¸,False,None,CvaOc71JI1K
321,Yum,False,None,CvaOc71JI1K
322,â¤ï¸,False,None,CvaOc71JI1K
323,Leave American soil,False,None,CvaOc71JI1K
324,Why are you celebrating? You tell people stolen land needed to be given back to the natives but you do nothing to give your land back. You trying to convince people to do something you won't do yourself. Why are you celebrating your hypocrisy?,False,None,CvZ_-WOtUJH
325,"So, did you return your stolen land yet or is $2 billion in losses not enough yet?",False,None,CvZ_-WOtUJH
326,Americans donâ€™t want this icecream here.,False,None,CvZ_-WOtUJH
327,If you dont like america! Stop selling ur poop ice cream here!,False,None,CvZ_-WOtUJH
328,You gonna sell the factory and give the land back or what?,False,None,CvZ_-WOtUJH
329,Leave the US for good!,False,None,CvZ_-WOtUJH
330,Stop buying this anti American poop ice cream!!,False,None,CvZ_-WOtUJH
331,go sell ur icecream in a third world country we donâ€™t want you here,False,None,CvZ_-WOtUJH
332,Leave the US. You operate on stolen land. Give away all your profits,False,None,CvZ_-WOtUJH
333,Yes please! â¤ï¸,False,None,CvZ_-WOtUJH
334,Diabetes and heart disease and obesity. â˜ â˜ â˜ ,False,None,CvZ_-WOtUJH
335,"Guevara was a notorious homophobe. He campaigned to have gay people placed in prison, and when they were interned, they were treated worse than the rest of the prisoners. According to one inmate, gays were treated like beasts, and they were the last to come out for meals.",False,None,CvZ_-WOtUJH
336,where is doughble chocolate cookie dough twist???,False,None,CvZ_-WOtUJH
337,AMERICA is the main event. always.,False,None,CvZ_-WOtUJH
338,Looks disgusting,False,None,CvZ_-WOtUJH
339,This simply translates to â€œmmmmmmmmmâ€ in every languageðŸ˜‚,False,None,CvZ_-WOtUJH
340,"If u dont like the US, leave for good! Ur company is a disgrace for our nation!!",False,None,CvZ_-WOtUJH
341,America winsðŸ‡ºðŸ‡¸ðŸ‡ºðŸ‡¸ðŸ‡ºðŸ‡¸ðŸ‡ºðŸ‡¸,False,None,CvZ_-WOtUJH
342,Rainbow ðŸŒˆ ðŸ³ï¸â€ðŸŒˆ creamed,False,None,CvZ_-WOtUJH
343,America winsðŸ‡ºðŸ‡¸ðŸ‡ºðŸ‡¸ðŸ‡ºðŸ‡¸ðŸ‡ºðŸ‡¸,False,None,CvZ_-WOtUJH
344,P,False,None,CvZ_-WOtUJH
345,P,False,None,CvZ_-WOtUJH
346,https://www.foxbusiness.com/retail/vermont-native-american-chief-ben-jerrys-headquarters-stolen-land?intcmp=fb_fnc&fbclid=IwAR060gqb7dwtACwM5tMy2qX46W9siTQCVo1l6VDPHT5FQfhmLqFNEPdh-wQ,False,None,CvZ_-WOtUJH
347,Poop ice cream!!,False,None,CvZ_-WOtUJH
348,O,False,None,CvZ_-WOtUJH
349,O,False,None,CvZ_-WOtUJH
350,Wonderful!!,False,None,CvZ_-WOtUJH
351,ðŸ‡ºðŸ‡¸ðŸ‡ºðŸ‡¸ðŸ‡ºðŸ‡¸ðŸ‡ºðŸ‡¸ðŸ‡ºðŸ‡¸,False,None,CvZ_-WOtUJH
352,ðŸ’•,False,None,CvZ_-WOtUJH
353,ðŸ‡ºðŸ‡¸ðŸ‡ºðŸ‡¸ðŸ‡ºðŸ‡¸ðŸ‡ºðŸ‡¸ðŸ‡ºðŸ‡¸,False,None,CvZ_-WOtUJH
354,ðŸ‡ºðŸ‡¸ðŸ‡ºðŸ‡¸ðŸ‡ºðŸ‡¸ðŸ‡ºðŸ‡¸ðŸ‡ºðŸ‡¸ðŸ‡ºðŸ‡¸,False,None,CvZ_-WOtUJH
355,I want my land back,False,None,CvZ_-WOtUJH
356,"Hey. If youâ€™re going to chirp the entire nation of Canada, maybe lead by example and give the land your factory is on back to the people it was taken from",False,None,CvZ_-WOtUJH
357,can you bring back your â€œtopped love isâ€¦.â€ flavor and also make a dairy free version?,False,None,CvZ_-WOtUJH
358,#cows cause #climatechange you stole #indianland,False,None,CvZ_-WOtUJH
359,Make organic non gmo,False,None,CvZ_-WOtUJH
360,Hebrew seed oil ice cream mmm so good,False,None,CvZ_-WOtUJH
361,Is it true Dublin mudslide is back?!,False,None,CvZ_-WOtUJH
362,Yum,False,None,CvZ_-WOtUJH
363,ðŸ”¥,False,None,CvZ_-WOtUJH
364,Leave American soil,False,None,CvZ_-WOtUJH
365,YesssðŸ˜‹,False,None,CvZ_-WOtUJH
366,Terrible overpriced product. Shop local. This is owned by foreign conglomerate,False,None,CvX2wvqtPU4
367,"Oh look, still advertising their poor product from stolen native American land. All talk, no action",False,None,CvX2wvqtPU4
368,plz roll right out of america. you donâ€™t belong here. thanks,False,None,CvX2wvqtPU4
369,rolling away ur cancer causing icecream? so you can free those poor migrant child laborors that make your icecream?,False,None,CvX2wvqtPU4
370,Anti american company!! U should be ashamed of ur poop ice cream!! Leave the US for good!!,False,None,CvX2wvqtPU4
371,rolling back into the hole you crawled out of?,False,None,CvX2wvqtPU4
372,Still waiting for that stolen land handover...,False,None,CvX2wvqtPU4
373,Made on stolen lands. Donate it all to the Natives. Everything you own.,False,None,CvX2wvqtPU4
374,Still no response to the Abenaki about their stolen land?,False,None,CvX2wvqtPU4
375,"Operating on stolen land, pushing anti-American agenda, blatantly lying, trying to convert kids into perverts.....LETS GET THIS CRAP OUT OF HERE!",False,None,CvX2wvqtPU4
376,Donate every dime your company is worth to the abenaki tribe. Do it before your company goes bankrupt.,False,None,CvX2wvqtPU4
377,We're still waiting for you to return your stolen land,False,None,CvX2wvqtPU4
378,Ben & Jerryâ€™s parent company has lost nearly $2 billion in market cap amid calls to boycott the Vermont-based ice cream maker over a July 4 tweet condemning the US for existing on â€œstolen Indigenous land.â€,False,None,CvX2wvqtPU4
379,you rolling up to give away ur land to the natives ?,False,None,CvX2wvqtPU4
380,How you returned your stolen property to the Native Americans yet?,False,None,CvX2wvqtPU4
381,rolling out of america? plz & thanks,False,None,CvX2wvqtPU4
382,So when is @benandjerrys going to give back the stolen land their factory is built on?,False,None,CvX2wvqtPU4
383,rolling those cancer causing products into your icecream?,False,None,CvX2wvqtPU4
384,Can you bring back oat of this swirl,False,None,CvX2wvqtPU4
385,This commercials are as bad as this poop ice cream company,False,None,CvX2wvqtPU4
386,Poop on a cup. Ur company is whats wrong now days. Get out of here and take ur poop ice cream!!,False,None,CvX2wvqtPU4
387,What is special about Tillamook Ice Cream?,False,None,CvX2wvqtPU4
388,Garbage ice cream!!leave the US for good!!,False,None,CvX2wvqtPU4
389,What is special about Tillamook Ice Cream?,False,None,CvX2wvqtPU4
390,Never buy ice cream from this place!!!!,False,None,CvX2wvqtPU4
391,Poop,False,None,CvX2wvqtPU4
392,Lets get this company out of business people!!,False,None,CvX2wvqtPU4
393,ðŸ‡ºðŸ‡¸ðŸ‡ºðŸ‡¸ðŸ‡ºðŸ‡¸ðŸ‡ºðŸ‡¸ðŸ‡ºðŸ‡¸,False,None,CvX2wvqtPU4
394,I want the boom box,False,None,CvX2wvqtPU4
395,ðŸ‡ºðŸ‡¸ðŸ‡ºðŸ‡¸ðŸ‡ºðŸ‡¸ðŸ‡ºðŸ‡¸ðŸ‡ºðŸ‡¸,False,None,CvX2wvqtPU4
396,P,False,None,CvX2wvqtPU4
397,P,False,None,CvX2wvqtPU4
398,Love this,False,None,CvX2wvqtPU4
399,Poop ice cream!!!,False,None,CvX2wvqtPU4
400,o,False,None,CvX2wvqtPU4
401,first,False,None,CvX2wvqtPU4
402,ðŸ¤ðŸ¼ðŸ¤Ž,False,None,CvX2wvqtPU4
403,THOSE LEOPARD PRINT SKATES!!!! ðŸ˜,False,None,CvX2wvqtPU4
404,Promote it on @vermont_fams ðŸ…,False,None,CvX2wvqtPU4
405,Summer Vibes ðŸ”¥,False,None,CvX2wvqtPU4
406,Mondays would be a lot cooler if they all looked like this.,False,None,CvX2wvqtPU4
407,o,False,None,CvX2wvqtPU4
408,ðŸ˜,False,None,CvX2wvqtPU4
409,https://www.foxbusiness.com/retail/vermont-native-american-chief-ben-jerrys-headquarters-stolen-land?intcmp=fb_fnc&fbclid=IwAR060gqb7dwtACwM5tMy2qX46W9siTQCVo1l6VDPHT5FQfhmLqFNEPdh-wQ,False,None,CvX2wvqtPU4
410,blue bells better,False,None,CvX2wvqtPU4
411,Love the ice cream - hate your company.,False,None,CvX2wvqtPU4
412,Diabetes and obesity and they make you pay for it.ðŸ¤‘ðŸ¤®â˜ ,False,None,CvX2wvqtPU4
413,Awesome,False,None,CvX2wvqtPU4
414,"Just inquiring on the progress of you guys are makimg on handing over your property to the Natives it was stolen from. You mentioned in your post we should start with Mt. Rushmore, im sure you would agree that starting at home is much more feasable and just as important. No?",False,None,CvX2wvqtPU4
415,â¤ï¸â¤ï¸â¤ï¸,False,None,CvX2wvqtPU4
416,for every bigot in the comments i will buy one pint of ben & jerrys. ðŸ‡ºðŸ‡²,False,None,CvX2wvqtPU4
417,ðŸ‘,False,None,CvX2wvqtPU4
418,You guys gonna return your HQ to the native Americans? Or was that just words and no action?,False,None,CvAcHRzxh6t
419,make it in pints!!,False,None,CvAcHRzxh6t
420,"Any update on giving your land back ? Your a poster child for the far left liberals. Hate America. Praise the oppressed , do nothing about it. Wish I could post photos I find of people boycotting your product. You suck.",False,None,CvAcHRzxh6t
421,STOP MAKING a PROFIT on STOLEN LAND. RETURN the STOLEN LAND ALREADY!! âœŠðŸ½ âœŠðŸ½,False,None,CvAcHRzxh6t
422,What kind of percentage that you will give the land back? ðŸ™„ðŸ¤”,False,None,CvAcHRzxh6t
423,BOYCOTT,False,None,CvAcHRzxh6t
424,Stop stealing milk from cows on stolen land!,False,None,CvAcHRzxh6t
425,"LOVE AMERICA, BOY COTT BEN AND JERRYS CANCER CAUSING ICECREAM ðŸ‡ºðŸ‡¸ðŸ‡ºðŸ‡¸ðŸ‡ºðŸ‡¸ðŸ‡ºðŸ‡¸ðŸ‡ºðŸ‡¸ðŸ‡ºðŸ‡¸ðŸ‡ºðŸ‡¸ðŸ‡ºðŸ‡¸ðŸ‡ºðŸ‡¸ðŸ‡ºðŸ‡¸ðŸ‡ºðŸ‡¸",False,None,CvAcHRzxh6t
426,America haters,False,None,CvAcHRzxh6t
427,you gave up your stolen land yet? probably not your too busy abusing those migrant children making your icecream.,False,None,CvAcHRzxh6t
428,Try That In A Small Town! #JasonAldean,False,None,CvAcHRzxh6t
429,WE ONLY SUPPORT COMPANIES THAT SUPPORT AMERICAðŸ‡ºðŸ‡¸ðŸ‡ºðŸ‡¸ðŸ‡ºðŸ‡¸ðŸ‡ºðŸ‡¸,False,None,CvAcHRzxh6t
430,Ur company hates the US. Leave the country for good!,False,None,CvAcHRzxh6t
431,AMERICAN KINDA DAY BABYðŸ‡ºðŸ‡¸ðŸ‡ºðŸ‡¸ðŸ‡ºðŸ‡¸ðŸ‡ºðŸ‡¸ðŸ‡ºðŸ‡¸ðŸ‡ºðŸ‡¸ðŸ‡ºðŸ‡¸ðŸ‡ºðŸ‡¸ðŸ‡ºðŸ‡¸ðŸ‡ºðŸ‡¸ðŸ‡ºðŸ‡¸ðŸ‡ºðŸ‡¸ðŸ‡ºðŸ‡¸,False,None,CvAcHRzxh6t
432,You know what brand Iâ€™m not buying? @benandjerrys thatâ€™s what Iâ€™m not buying. ðŸ¤®,False,None,CvAcHRzxh6t
433,Ben & Jerry's has not yet publicly responded to calls to return the land its headquarters is situated on.,False,None,CvAcHRzxh6t
434,"Have you returned your Vermont headquarters yet? Because, you know, stolen land.",False,None,CvAcHRzxh6t
435,"As a company under Unilever, you can be assured that every purchase of Ben and Jerry's ice cream supports the rape, murder and torture of Ukrainians. Think about that the next time you want to purchase their delicious ice cream. Is it worth it?",False,None,CvAcHRzxh6t
436,"Of course, you show off the ice cream in front of a Juneteenth banner. Gotta get that virtue signaling out there while you keep stealing from indigenous people and you don't lift a finger to give Black communities the help they really need.",False,None,CvAcHRzxh6t
437,GIVE BACK THE STOLEN LAND YOUR HQ IS BUILT ON,False,None,CvAcHRzxh6t
438,So are you gonna move your HQ and give that land back??,False,None,CvAcHRzxh6t
439,Diabetes and obesity are an epidemic and this company sells it to us along with hatred of America and deep hypocrisy.,False,None,CvAcHRzxh6t
440,Boycott,False,None,CvAcHRzxh6t
441,Return the stolen land @benandjerrys,False,None,CvAcHRzxh6t
442,Give your land back. ðŸ––,False,None,CvAcHRzxh6t
443,"The color blue is an indigenous color and must be returned to the Smurfâ€™s who you stole it from. Shame on you, Smurf murders!",False,None,CvAcHRzxh6t
444,Love the US of A ðŸ‡ºðŸ‡¸ðŸ‡ºðŸ‡¸,False,None,CvAcHRzxh6t
445,Have you turned your headquarters over to the proper indigenous people you stole it from?,False,None,CvAcHRzxh6t
446,Any chance you will leave your parent company Unilever as they still full operate in terrosit russia?,False,None,CvAcHRzxh6t
447,You should develop a ice cream flavor called Trail of Tears.,False,None,CvAcHRzxh6t
448,If you support this company you support stealing tribal lands!!!,False,None,CvAcHRzxh6t
449,Overpriced garbage made by crooks,False,None,CvAcHRzxh6t
450,Still waiting for ben&jerrys to return their stolen land.â³,False,None,CvAcHRzxh6t
451,ðŸ¤¢ðŸ¤®ðŸ¤¢ðŸ¤®ðŸ¤¢ðŸ¤®ðŸ¤¢ðŸ¤®ðŸ¤¢ðŸ¤®ðŸ¤¢ðŸ¤®ðŸ¤¢ðŸ¤®,False,None,CvAcHRzxh6t
452,Are you still making money off of stolen land!,False,None,CvAcHRzxh6t
453,Blue Bell is way better anyways ðŸ‡ºðŸ‡¸,False,None,CvAcHRzxh6t
454,"Use me as the ""put this company out of business"" button",False,None,CvAcHRzxh6t
455,"I guess using stolen property is good for business, NO?",False,None,CvAcHRzxh6t
456,Are you going to be giving up your stolen land next Juneteenth day?,False,None,CvAcHRzxh6t
457,Seed oil crap,False,None,CvAcHRzxh6t
458,"@benandjerrys are you in the process of giving back the stolen indigenous land your HQ is on? You posted about America being on stolen land, Iâ€™m waiting for you to set the example. Please answer and donâ€™t post other random posts",False,None,CvAcHRzxh6t
459,Leave the US already!!,False,None,CvAcHRzxh6t
460,You two always did look like mor*ns!!! Signed Lost Custer For Life.,False,None,CvAcHRzxh6t
461,And how much is the chance you are giving back your stolen land?,False,None,CvAcHRzxh6t
462,So...are you going to return your property to the indigenous people you stole from? Can you also return the stolen marshmallows to them?,False,None,CvAcHRzxh6t
463,GIVE THE LAND BACK!!!,False,None,CvAcHRzxh6t
464,Please update us on the land ownership transfer! You guys are rockstars for making good on your stance against stolen land. Ben and Jerry's is the best!,False,None,CvAcHRzxh6t
465,6 Wo.GefÃ¤llt 3 MalAntworten,False,None,CvAcHRzxh6t
466,Garbage ice cream!!,False,None,CvAcHRzxh6t
467,100% chance this dog sheeeeit company will virtue single then when they get called out for their BS theyâ€™ll continue to act like nothing happened. I enjoy going into stores with your ice cream and I open them rub my balls on them and put them back in the cooler for anyone interested in snacking on ma NUTZ. ðŸ”¥ðŸ˜‚,False,None,CvAcHRzxh6t
468,Will you introduce a Bud Light flavor to put out that burn?,False,None,CvAcHRzxh6t
469,Give the LAND back! âœŠðŸ½,False,None,CvAcHRzxh6t
470,GOD BLESS THE USAðŸ‡ºðŸ‡¸ðŸ‡ºðŸ‡¸ðŸ‡ºðŸ‡¸ðŸ‡ºðŸ‡¸ðŸ‡ºðŸ‡¸ðŸ‡ºðŸ‡¸ðŸ‡ºðŸ‡¸ðŸ‡ºðŸ‡¸ðŸ‡ºðŸ‡¸ðŸ‡ºðŸ‡¸ðŸ‡ºðŸ‡¸ðŸ‡ºðŸ‡¸ðŸ‡ºðŸ‡¸,False,None,CvAcHRzxh6t
471,IF YOU DONT LIKE OUR COUNTRY QUIT PROFITING OFF OF IT YOU LAZY HYPOCRITES,False,None,CvAcHRzxh6t
472,What is special about Tillamook Ice Cream?,False,None,CvAcHRzxh6t
473,This looks delicious â¤ï¸ðŸ”¥,False,None,CvAcHRzxh6t
474,What flavor?,False,None,CvAcHRzxh6t
475,This is so white culture,False,None,CvAcHRzxh6t
476,Poop ice cream!!,False,None,CvAcHRzxh6t
477,Blueberry Waffle eh? ðŸ¤®ðŸ¤¢ðŸ¤®ðŸ¤¢ðŸ¤®ðŸ¤¢ðŸ¤®ðŸ¤¢ðŸ¤®ðŸ¤¢ðŸ¤®ðŸ¤¢ðŸ¤®ðŸ¤¢ðŸ¤®,False,None,CvAcHRzxh6t
478,What is special about Tillamook Ice Cream?,False,None,CvAcHRzxh6t
479,"But the company, whose global brands include Ben & Jerryâ€™s ice-cream and Knorr soups, said it continued to operate in Russia because â€œexiting is not straightforwardâ€. It was staying put and continuing its operations in Russia â€œboth to avoid the risk of our business ending up in the hands of the Russian state, either directly or indirectly, and to help protect our peopleâ€.",False,None,CvAcHRzxh6t
480,Leave the US for good!,False,None,CvAcHRzxh6t
481,HOW DARE YOU STEAL SMURFS TO MAKE YOUR ICECREAM!!!!!!,False,None,CvAcHRzxh6t
482,why arenâ€™t you giving the native americans more representation??,False,None,CvAcHRzxh6t
483,ðŸ—‘ï¸ðŸ—‘ï¸ðŸ—‘ï¸,False,None,CvAcHRzxh6t
484,TRASH,False,None,CvAcHRzxh6t
485,And the nails match so perfectly ðŸ˜˜â¤ðŸ¥°ðŸ’•ðŸ˜ƒðŸ’—,False,None,CvAcHRzxh6t
486,ben & jerrys brutally murdered smurfâ€™s to make this icecream.,False,None,CvAcHRzxh6t
487,Can you please make a non dairy version because I really want to try it but Iâ€™m allergic to dairy,False,None,CvAcHRzxh6t
488,!ðŸ–¤! ðŸ¨ðŸ˜‹,False,None,CvAcHRzxh6t
489,Yes itâ€™s backk,False,None,CvAcHRzxh6t
490,@ben10_2023_,False,None,CvAcHRzxh6t
491,This but blueberry ðŸ« ðŸ˜,False,None,CvAcHRzxh6t
492,So delicious!!!ðŸ˜ðŸ˜ðŸ˜,False,None,CvAcHRzxh6t
493,Itâ€™s so pretty!,False,None,CvAcHRzxh6t
494,ðŸ‡ºðŸ‡¸ðŸ‡ºðŸ‡¸ðŸ‡ºðŸ‡¸ðŸ‡ºðŸ‡¸ðŸ‡ºðŸ‡¸ðŸ‡ºðŸ‡¸ðŸ‡ºðŸ‡¸,False,None,CvAcHRzxh6t
495,ðŸ‡ºðŸ‡¸ðŸ‡ºðŸ‡¸ðŸ‡ºðŸ‡¸ðŸ‡ºðŸ‡¸ðŸ‡ºðŸ‡¸ðŸ‡ºðŸ‡¸,False,None,CvAcHRzxh6t
496,When in the UK?,False,None,CvAcHRzxh6t
497,Poop ice cream!!!,False,None,CvAcHRzxh6t
498,ðŸ‡®ðŸ‡±ðŸ‡ºðŸ‡²,False,None,CvAcHRzxh6t
499,ðŸ˜ðŸ˜ðŸ˜ looks delicious,False,None,CvAcHRzxh6t
500,You give all your land back to tribes yet?ðŸ¤”,False,None,CvAcHRzxh6t
501,"Did yâ€™all ever give your land back or was that just pointless virtue signaling? Itâ€™s rhetorical, no need for an answer, we already know.",False,None,CvAcHRzxh6t
502,Poop company leave the US!!,False,None,CvAcHRzxh6t
503,So yall gona give back to the indigenous people or what,False,None,CvAcHRzxh6t
504,"Have your transferred the land you stole back to its rightful owners yet? If not, why not?",False,None,CvAcHRzxh6t
505,@benandjerrys are you interested in a new concept,False,None,CvAcHRzxh6t
506,Why haven't you addressed the stolen land you operate on?,False,None,CvAcHRzxh6t
507,Checking in on you guys leading the way returning your stores and property to the indigenous tribes? Howâ€™s that going?,False,None,CvAcHRzxh6t
508,Ben and Liars,False,None,CvAcHRzxh6t
509,Just give up and close up shop already. Damage is done.,False,None,CvAcHRzxh6t
510,Poop ice cream!!,False,None,CvAcHRzxh6t
511,Give back native land which you stoleâ€¦â€¦. A-Holes!!!,False,None,CvAcHRzxh6t
512,Did you guys return your headquarters and stores to the Natives yet?,False,None,CvAcHRzxh6t
513,So about that stolen land your sitting on....,False,None,CvAcHRzxh6t
514,"Yuck. Frozen woke cream. Sorry, I like my frozen desserts without the insane leftist propaganda and hypocrisy, thank you.",False,None,CvAcHRzxh6t
515,If you truly hate Republicans why are you selling your ice cream in red states? #practicewhatyoupreach,False,None,CvAcHRzxh6t
516,Will this be in stores soon,False,None,CvAcHRzxh6t
517,Come to @missioninnhotel,False,None,CvAcHRzxh6t
518,ðŸ¤®,False,None,CvAcHRzxh6t
519,ðŸ¤®,False,None,CvAcHRzxh6t
520,ðŸ¤®,False,None,CvAcHRzxh6t
521,Damn getting drilled in the comments @benandjerrys better hope it donâ€™t stick.,False,None,CvAcHRzxh6t
522,"I will not buy ice cream from a company that canâ€™t be patriotic to its own country. Many lives were lost SO you could enjoy YOUR freedom to run a business in this country and make money. Please take your business to another countryâ€¦China, maybe?!",False,None,CvAcHRzxh6t
523,You guys returned the land yet!??,False,None,CvAcHRzxh6t
524,@benandjerrys are you in the process of returning your stolen Indian land?,False,None,CvAcHRzxh6t
525,"Looks like the new flavor, ""fake news and bigger asshats""!",False,None,CvAcHRzxh6t
526,This company did dealings in the Africa for money,False,None,CvAcHRzxh6t
527,Proud to be American button ðŸ‡ºðŸ‡¸ â€”>,False,None,CvAcHRzxh6t
528,gfy,False,None,CvAcHRzxh6t
529,HÃ¤agen-Dazs baby!!!!,False,None,CvAcHRzxh6t
530,"Lets stop this company from hating on the motherland! If u dont like us, Leave the US!!",False,None,CvAcHRzxh6t
531,Was that ice cream made on STOLEN LANDðŸ˜‚ðŸ’€. #boycottbenandjerrys,False,None,CvAcHRzxh6t
532,You know that your ice cream is out of this world when it causes a mama of an infant who has finally gone down for a nap to search for your Instagram page. Ben ...Jerry ...you just made my hectic day of laundry and chores so much lighter with your non dairy gluten free Boom Chocolata!!!! Every scoop had me in a trance! I love YOUUUUUU!!! ðŸ˜©â£ï¸ @benandjerrys,False,None,CvAcHRzxh6t
533,@benandjerrys Can we get a key lime pie with graham crackers crumble flavor please ðŸ™ðŸ¾,False,None,CvAcHRzxh6t
534,So @benandjerrys â€¦ when do you donate all of your â€œstolen landâ€ back??? Everyone waiting for you to be the example. After all this is what you want. Give all of your homes and businesses back to the people you stole the land from. How LONG before @benandjerrys honor their word??? ???,False,None,CvAcHRzxh6t
535,"Stolen land, I wonder what else or who else they have exploited? Them socialists only good at one thing, STEEL AND EXPROPRIATE. They have learned it from Russian Bolsheviks!ðŸ˜‚ðŸ˜‚ðŸ˜‚ðŸ˜‚",False,None,CvAcHRzxh6t
536,5 Wo.Antworten,False,None,CvAcHRzxh6t
537,Go woke and go broke. Deep state runeed company,False,None,CvAcHRzxh6t
538,ðŸ¤®,False,None,CvAcHRzxh6t
539,I still haven't seen any headlines about Ben and Jerry giving any land they own back to tribes. ðŸ¤¥,False,None,CvAcHRzxh6t
540,@sturgisrally so use to being cheated on. It's a joke. International child support interested in me. I just tell em I lost my turn. @gatheringofnations,False,None,CvAcHRzxh6t
541,"Guevara was a notorious homophobe. He campaigned to have gay people placed in prison, and when they were interned, they were treated worse than the rest of the prisoners. According to one inmate, gays were treated like beasts, and they were the last to come out for meals.",False,None,CvAcHRzxh6t
542,What is special about Tillamook Ice Cream?,False,None,CvAcHRzxh6t
543,ðŸ˜,False,None,CvAcHRzxh6t
544,You guys gonna return your HQ to the native Americans? Or was that just words and no action?,False,None,CvAcHRzxh6t
545,Wonder if this flavor was concocted on stolen land. Its high time Ben and Jerry's gets informed and takes action.,False,None,CvAcHRzxh6t
546,"Meilleur glace du monde ðŸŒ ðŸ”¥ðŸ”¥ðŸ”¥ðŸ”¥ðŸ”¥ avant j achetais environ un pot par semaine , dÃ©sormais j en achÃ¨terais 3 ou 4",False,None,CvAcHRzxh6t
547,Love yâ€™all ðŸ’—ðŸ’—ðŸ’—ðŸ’—,False,None,CvAcHRzxh6t
548,"Hi Iâ€™ve went to your store here located at harrahs in Las Vegas and ordered a sundae. I am 16 weeks pregnant and once I got to the bottom of the sundae and I put a spoonful in my mouth I noticed that I was chewing on a foreign object. I pulled out a bandage and it was curled up with blood on it. I never left Ben and Jerryâ€™s inside of harrahs as I was waiting to return my scooter my fiancÃ© had got for me. When I returned to the Ben and Jerryâ€™s and showed the one worker there and showed her the bandage she automatically accused me and my fiancÃ© of putting it in my sundae on purpose. She completely denied this and got loud and disrespectful. And started calling me and my fiancÃ© names like bitch and telling us to shut up. She kept being disrespectful and loud. She refused to provide her name, corporate number, and who she reports too. Instead she told us that she was the manager. As she refunded our $15 she slammed it down in front of us completely disrespectfully. She never apologized For this incident and instead called security. I have video proof of the entire incident showing the bandage with blood on it. I will post it and let everyone know not to eat at tht location. The woman didnâ€™t have and gloves on and acted very disrespectfully. I will bring it to corporate and get tested to make sure myself and my unborn child are safe.",False,None,CvAcHRzxh6t
549,Ice cream filled with toxic ingredients,False,None,CvAcHRzxh6t
550,Hey Groomersâ€¦ Give your HQ land back!,False,None,CvAcHRzxh6t
551,Wow I just saw absolutely barbaric cruelty being done by your Dairy suppliers men wearing long rubber gloves shoving fists of male sperm violently in female cows Vaginas how can you promote this sickening barbaric behavior keep impregnating these beautiful innocent animals keeping them pregnant so they produce milk the boys get sold off as Veal because they canâ€™t make milk and the females are exploited until they go to slaughter because their fragile bodies are broken from being raped month after month your company makes me sick to my stomach ðŸ‘ŽðŸ‘ŽðŸ‘ŽðŸ‘ŽðŸ‘ŽðŸ‘ŽðŸ˜¡ðŸ˜¡ðŸ˜¡ðŸ˜¡ðŸ˜¡ðŸ˜¡ðŸ˜¡ðŸ‘ŽðŸ˜¡ðŸ˜¡ðŸ˜¡ðŸ˜¡ðŸ‘ŽðŸ˜­ðŸ˜­ðŸ˜­ðŸ˜­ðŸ˜­ðŸ˜­ðŸ˜­ðŸ˜­ðŸ˜­,False,None,CvAcHRzxh6t
552,"Hello world donâ€™t mean to disturb yâ€™all, but just have to say this here, if you ever need to restore your relationship or cleanse your family from spiritual negativity, @doctor_sambola_ got you covered, heâ€™s a real spiritualist and I confirmed this after he helped me recover my marriage, after my husband left me for 9 months, I never knew anything could be done to make him love me again, but @doctor_sambola_ proved otherwise and restored my marriage, this is just another medium to say thank you @doctor_sambola_ keep making the world smile ðŸ˜Š",False,None,CvAcHRzxh6t
553,You guys given back that stolen land yet?,False,None,CvAcHRzxh6t
554,Give your land back to the Indian tribes #stolenland #unilever you using cow labor for your profits,False,None,CvAcHRzxh6t
555,ðŸ™Œ,False,None,CvAcHRzxh6t
556,Wheeeen?,False,None,CvAcHRzxh6t
557,You guys gonna return your HQ to the native Americans? Or was that just words and no action?,True,political,CuRsDUMtQvn
558,make it in pints!!,False,political,CuRsDUMtQvn
559,"Any update on giving your land back ? Your a poster child for the far left liberals. Hate America. Praise the oppressed , do nothing about it. Wish I could post photos I find of people boycotting your product. You suck.",False,political,CuRsDUMtQvn
560,STOP MAKING a PROFIT on STOLEN LAND. RETURN the STOLEN LAND ALREADY!! âœŠðŸ½ âœŠðŸ½,False,political,CuRsDUMtQvn
561,What kind of percentage that you will give the land back? ðŸ™„ðŸ¤”,False,political,CuRsDUMtQvn
562,BOYCOTT,False,political,CuRsDUMtQvn
563,Stop stealing milk from cows on stolen land!,False,political,CuRsDUMtQvn
564,"LOVE AMERICA, BOY COTT BEN AND JERRYS CANCER CAUSING ICECREAM ðŸ‡ºðŸ‡¸ðŸ‡ºðŸ‡¸ðŸ‡ºðŸ‡¸ðŸ‡ºðŸ‡¸ðŸ‡ºðŸ‡¸ðŸ‡ºðŸ‡¸ðŸ‡ºðŸ‡¸ðŸ‡ºðŸ‡¸ðŸ‡ºðŸ‡¸ðŸ‡ºðŸ‡¸ðŸ‡ºðŸ‡¸",False,political,CuRsDUMtQvn
565,America haters,False,political,CuRsDUMtQvn
566,you gave up your stolen land yet? probably not your too busy abusing those migrant children making your icecream.,False,political,CuRsDUMtQvn
567,Try That In A Small Town! #JasonAldean,False,political,CuRsDUMtQvn
568,WE ONLY SUPPORT COMPANIES THAT SUPPORT AMERICAðŸ‡ºðŸ‡¸ðŸ‡ºðŸ‡¸ðŸ‡ºðŸ‡¸ðŸ‡ºðŸ‡¸,False,political,CuRsDUMtQvn
569,Ur company hates the US. Leave the country for good!,False,political,CuRsDUMtQvn
570,AMERICAN KINDA DAY BABYðŸ‡ºðŸ‡¸ðŸ‡ºðŸ‡¸ðŸ‡ºðŸ‡¸ðŸ‡ºðŸ‡¸ðŸ‡ºðŸ‡¸ðŸ‡ºðŸ‡¸ðŸ‡ºðŸ‡¸ðŸ‡ºðŸ‡¸ðŸ‡ºðŸ‡¸ðŸ‡ºðŸ‡¸ðŸ‡ºðŸ‡¸ðŸ‡ºðŸ‡¸ðŸ‡ºðŸ‡¸,False,political,CuRsDUMtQvn
571,You know what brand Iâ€™m not buying? @benandjerrys thatâ€™s what Iâ€™m not buying. ðŸ¤®,False,political,CuRsDUMtQvn
572,Ben & Jerry's has not yet publicly responded to calls to return the land its headquarters is situated on.,False,political,CuRsDUMtQvn
573,"Have you returned your Vermont headquarters yet? Because, you know, stolen land.",False,political,CuRsDUMtQvn
574,"As a company under Unilever, you can be assured that every purchase of Ben and Jerry's ice cream supports the rape, murder and torture of Ukrainians. Think about that the next time you want to purchase their delicious ice cream. Is it worth it?",False,political,CuRsDUMtQvn
575,"Of course, you show off the ice cream in front of a Juneteenth banner. Gotta get that virtue signaling out there while you keep stealing from indigenous people and you don't lift a finger to give Black communities the help they really need.",False,political,CuRsDUMtQvn
576,GIVE BACK THE STOLEN LAND YOUR HQ IS BUILT ON,False,political,CuRsDUMtQvn
577,So are you gonna move your HQ and give that land back??,False,political,CuRsDUMtQvn
578,Diabetes and obesity are an epidemic and this company sells it to us along with hatred of America and deep hypocrisy.,False,political,CuRsDUMtQvn
579,Boycott,False,political,CuRsDUMtQvn
580,Return the stolen land @benandjerrys,False,political,CuRsDUMtQvn
581,Give your land back. ðŸ––,False,political,CuRsDUMtQvn
582,"The color blue is an indigenous color and must be returned to the Smurfâ€™s who you stole it from. Shame on you, Smurf murders!",False,political,CuRsDUMtQvn
583,Love the US of A ðŸ‡ºðŸ‡¸ðŸ‡ºðŸ‡¸,False,political,CuRsDUMtQvn
584,Have you turned your headquarters over to the proper indigenous people you stole it from?,False,political,CuRsDUMtQvn
585,Any chance you will leave your parent company Unilever as they still full operate in terrosit russia?,False,political,CuRsDUMtQvn
586,You should develop a ice cream flavor called Trail of Tears.,False,political,CuRsDUMtQvn
587,If you support this company you support stealing tribal lands!!!,False,political,CuRsDUMtQvn
588,Overpriced garbage made by crooks,False,political,CuRsDUMtQvn
589,Still waiting for ben&jerrys to return their stolen land.â³,False,political,CuRsDUMtQvn
590,ðŸ¤¢ðŸ¤®ðŸ¤¢ðŸ¤®ðŸ¤¢ðŸ¤®ðŸ¤¢ðŸ¤®ðŸ¤¢ðŸ¤®ðŸ¤¢ðŸ¤®ðŸ¤¢ðŸ¤®,False,political,CuRsDUMtQvn
591,Are you still making money off of stolen land!,False,political,CuRsDUMtQvn
592,Blue Bell is way better anyways ðŸ‡ºðŸ‡¸,False,political,CuRsDUMtQvn
593,"Use me as the ""put this company out of business"" button",False,political,CuRsDUMtQvn
594,"I guess using stolen property is good for business, NO?",False,political,CuRsDUMtQvn
595,Are you going to be giving up your stolen land next Juneteenth day?,False,political,CuRsDUMtQvn
596,Seed oil crap,False,political,CuRsDUMtQvn
597,"@benandjerrys are you in the process of giving back the stolen indigenous land your HQ is on? You posted about America being on stolen land, Iâ€™m waiting for you to set the example. Please answer and donâ€™t post other random posts",False,political,CuRsDUMtQvn
598,Leave the US already!!,False,political,CuRsDUMtQvn
599,You two always did look like mor*ns!!! Signed Lost Custer For Life.,False,political,CuRsDUMtQvn
600,And how much is the chance you are giving back your stolen land?,False,political,CuRsDUMtQvn
601,So...are you going to return your property to the indigenous people you stole from? Can you also return the stolen marshmallows to them?,False,political,CuRsDUMtQvn
602,GIVE THE LAND BACK!!!,False,political,CuRsDUMtQvn
603,Please update us on the land ownership transfer! You guys are rockstars for making good on your stance against stolen land. Ben and Jerry's is the best!,False,political,CuRsDUMtQvn
604,6 Wo.GefÃ¤llt 3 MalAntworten,False,political,CuRsDUMtQvn
605,Garbage ice cream!!,False,political,CuRsDUMtQvn
606,100% chance this dog sheeeeit company will virtue single then when they get called out for their BS theyâ€™ll continue to act like nothing happened. I enjoy going into stores with your ice cream and I open them rub my balls on them and put them back in the cooler for anyone interested in snacking on ma NUTZ. ðŸ”¥ðŸ˜‚,False,political,CuRsDUMtQvn
607,Will you introduce a Bud Light flavor to put out that burn?,False,political,CuRsDUMtQvn
608,Give the LAND back! âœŠðŸ½,False,political,CuRsDUMtQvn
609,GOD BLESS THE USAðŸ‡ºðŸ‡¸ðŸ‡ºðŸ‡¸ðŸ‡ºðŸ‡¸ðŸ‡ºðŸ‡¸ðŸ‡ºðŸ‡¸ðŸ‡ºðŸ‡¸ðŸ‡ºðŸ‡¸ðŸ‡ºðŸ‡¸ðŸ‡ºðŸ‡¸ðŸ‡ºðŸ‡¸ðŸ‡ºðŸ‡¸ðŸ‡ºðŸ‡¸ðŸ‡ºðŸ‡¸,False,political,CuRsDUMtQvn
610,IF YOU DONT LIKE OUR COUNTRY QUIT PROFITING OFF OF IT YOU LAZY HYPOCRITES,False,political,CuRsDUMtQvn
611,What is special about Tillamook Ice Cream?,False,political,CuRsDUMtQvn
612,This looks delicious â¤ï¸ðŸ”¥,False,political,CuRsDUMtQvn
613,What flavor?,False,political,CuRsDUMtQvn
614,This is so white culture,False,political,CuRsDUMtQvn
615,Poop ice cream!!,False,political,CuRsDUMtQvn
616,Blueberry Waffle eh? ðŸ¤®ðŸ¤¢ðŸ¤®ðŸ¤¢ðŸ¤®ðŸ¤¢ðŸ¤®ðŸ¤¢ðŸ¤®ðŸ¤¢ðŸ¤®ðŸ¤¢ðŸ¤®ðŸ¤¢ðŸ¤®,False,political,CuRsDUMtQvn
617,What is special about Tillamook Ice Cream?,False,political,CuRsDUMtQvn
618,"But the company, whose global brands include Ben & Jerryâ€™s ice-cream and Knorr soups, said it continued to operate in Russia because â€œexiting is not straightforwardâ€. It was staying put and continuing its operations in Russia â€œboth to avoid the risk of our business ending up in the hands of the Russian state, either directly or indirectly, and to help protect our peopleâ€.",False,political,CuRsDUMtQvn
619,Leave the US for good!,False,political,CuRsDUMtQvn
620,HOW DARE YOU STEAL SMURFS TO MAKE YOUR ICECREAM!!!!!!,False,political,CuRsDUMtQvn
621,why arenâ€™t you giving the native americans more representation??,False,political,CuRsDUMtQvn
622,ðŸ—‘ï¸ðŸ—‘ï¸ðŸ—‘ï¸,False,political,CuRsDUMtQvn
623,TRASH,False,political,CuRsDUMtQvn
624,And the nails match so perfectly ðŸ˜˜â¤ðŸ¥°ðŸ’•ðŸ˜ƒðŸ’—,False,political,CuRsDUMtQvn
625,ben & jerrys brutally murdered smurfâ€™s to make this icecream.,False,political,CuRsDUMtQvn
626,Can you please make a non dairy version because I really want to try it but Iâ€™m allergic to dairy,False,political,CuRsDUMtQvn
627,!ðŸ–¤! ðŸ¨ðŸ˜‹,False,political,CuRsDUMtQvn
628,Yes itâ€™s backk,False,political,CuRsDUMtQvn
629,@ben10_2023_,False,political,CuRsDUMtQvn
630,This but blueberry ðŸ« ðŸ˜,False,political,CuRsDUMtQvn
631,So delicious!!!ðŸ˜ðŸ˜ðŸ˜,False,political,CuRsDUMtQvn
632,Itâ€™s so pretty!,False,political,CuRsDUMtQvn
633,ðŸ‡ºðŸ‡¸ðŸ‡ºðŸ‡¸ðŸ‡ºðŸ‡¸ðŸ‡ºðŸ‡¸ðŸ‡ºðŸ‡¸ðŸ‡ºðŸ‡¸ðŸ‡ºðŸ‡¸,False,political,CuRsDUMtQvn
634,ðŸ‡ºðŸ‡¸ðŸ‡ºðŸ‡¸ðŸ‡ºðŸ‡¸ðŸ‡ºðŸ‡¸ðŸ‡ºðŸ‡¸ðŸ‡ºðŸ‡¸,False,political,CuRsDUMtQvn
635,When in the UK?,False,political,CuRsDUMtQvn
636,Poop ice cream!!!,False,political,CuRsDUMtQvn
637,ðŸ‡®ðŸ‡±ðŸ‡ºðŸ‡²,False,political,CuRsDUMtQvn
638,ðŸ˜ðŸ˜ðŸ˜ looks delicious,False,political,CuRsDUMtQvn
639,You give all your land back to tribes yet?ðŸ¤”,False,political,CuRsDUMtQvn
640,"Did yâ€™all ever give your land back or was that just pointless virtue signaling? Itâ€™s rhetorical, no need for an answer, we already know.",False,political,CuRsDUMtQvn
641,Poop company leave the US!!,False,political,CuRsDUMtQvn
642,So yall gona give back to the indigenous people or what,False,political,CuRsDUMtQvn
643,"Have your transferred the land you stole back to its rightful owners yet? If not, why not?",False,political,CuRsDUMtQvn
644,@benandjerrys are you interested in a new concept,False,political,CuRsDUMtQvn
645,Why haven't you addressed the stolen land you operate on?,False,political,CuRsDUMtQvn
646,Checking in on you guys leading the way returning your stores and property to the indigenous tribes? Howâ€™s that going?,False,political,CuRsDUMtQvn
647,Ben and Liars,False,political,CuRsDUMtQvn
648,Just give up and close up shop already. Damage is done.,False,political,CuRsDUMtQvn
649,Poop ice cream!!,False,political,CuRsDUMtQvn
650,Give back native land which you stoleâ€¦â€¦. A-Holes!!!,False,political,CuRsDUMtQvn
651,Did you guys return your headquarters and stores to the Natives yet?,False,political,CuRsDUMtQvn
652,So about that stolen land your sitting on....,False,political,CuRsDUMtQvn
653,"Yuck. Frozen woke cream. Sorry, I like my frozen desserts without the insane leftist propaganda and hypocrisy, thank you.",False,political,CuRsDUMtQvn
654,If you truly hate Republicans why are you selling your ice cream in red states? #practicewhatyoupreach,False,political,CuRsDUMtQvn
655,Will this be in stores soon,False,political,CuRsDUMtQvn
656,Come to @missioninnhotel,False,political,CuRsDUMtQvn
657,ðŸ¤®,False,political,CuRsDUMtQvn
658,ðŸ¤®,False,political,CuRsDUMtQvn
659,ðŸ¤®,False,political,CuRsDUMtQvn
660,Damn getting drilled in the comments @benandjerrys better hope it donâ€™t stick.,False,political,CuRsDUMtQvn
661,"I will not buy ice cream from a company that canâ€™t be patriotic to its own country. Many lives were lost SO you could enjoy YOUR freedom to run a business in this country and make money. Please take your business to another countryâ€¦China, maybe?!",False,political,CuRsDUMtQvn
662,You guys returned the land yet!??,False,political,CuRsDUMtQvn
663,@benandjerrys are you in the process of returning your stolen Indian land?,False,political,CuRsDUMtQvn
664,"Looks like the new flavor, ""fake news and bigger asshats""!",False,political,CuRsDUMtQvn
665,This company did dealings in the Africa for money,False,political,CuRsDUMtQvn
666,Proud to be American button ðŸ‡ºðŸ‡¸ â€”>,False,political,CuRsDUMtQvn
667,gfy,False,political,CuRsDUMtQvn
668,HÃ¤agen-Dazs baby!!!!,False,political,CuRsDUMtQvn
669,"Lets stop this company from hating on the motherland! If u dont like us, Leave the US!!",False,political,CuRsDUMtQvn
670,Was that ice cream made on STOLEN LANDðŸ˜‚ðŸ’€. #boycottbenandjerrys,False,political,CuRsDUMtQvn
671,You know that your ice cream is out of this world when it causes a mama of an infant who has finally gone down for a nap to search for your Instagram page. Ben ...Jerry ...you just made my hectic day of laundry and chores so much lighter with your non dairy gluten free Boom Chocolata!!!! Every scoop had me in a trance! I love YOUUUUUU!!! ðŸ˜©â£ï¸ @benandjerrys,False,political,CuRsDUMtQvn
672,@benandjerrys Can we get a key lime pie with graham crackers crumble flavor please ðŸ™ðŸ¾,False,political,CuRsDUMtQvn
673,So @benandjerrys â€¦ when do you donate all of your â€œstolen landâ€ back??? Everyone waiting for you to be the example. After all this is what you want. Give all of your homes and businesses back to the people you stole the land from. How LONG before @benandjerrys honor their word??? ???,False,political,CuRsDUMtQvn
674,"Stolen land, I wonder what else or who else they have exploited? Them socialists only good at one thing, STEEL AND EXPROPRIATE. They have learned it from Russian Bolsheviks!ðŸ˜‚ðŸ˜‚ðŸ˜‚ðŸ˜‚",False,political,CuRsDUMtQvn
675,5 Wo.Antworten,False,political,CuRsDUMtQvn
676,Go woke and go broke. Deep state runeed company,False,political,CuRsDUMtQvn
677,ðŸ¤®,False,political,CuRsDUMtQvn
678,I still haven't seen any headlines about Ben and Jerry giving any land they own back to tribes. ðŸ¤¥,False,political,CuRsDUMtQvn
679,@sturgisrally so use to being cheated on. It's a joke. International child support interested in me. I just tell em I lost my turn. @gatheringofnations,False,political,CuRsDUMtQvn
680,"Guevara was a notorious homophobe. He campaigned to have gay people placed in prison, and when they were interned, they were treated worse than the rest of the prisoners. According to one inmate, gays were treated like beasts, and they were the last to come out for meals.",False,political,CuRsDUMtQvn
681,What is special about Tillamook Ice Cream?,False,political,CuRsDUMtQvn
682,ðŸ˜,False,political,CuRsDUMtQvn
683,You guys gonna return your HQ to the native Americans? Or was that just words and no action?,False,political,CuRsDUMtQvn
684,Wonder if this flavor was concocted on stolen land. Its high time Ben and Jerry's gets informed and takes action.,False,political,CuRsDUMtQvn
685,"Meilleur glace du monde ðŸŒ ðŸ”¥ðŸ”¥ðŸ”¥ðŸ”¥ðŸ”¥ avant j achetais environ un pot par semaine , dÃ©sormais j en achÃ¨terais 3 ou 4",False,political,CuRsDUMtQvn
686,Love yâ€™all ðŸ’—ðŸ’—ðŸ’—ðŸ’—,False,political,CuRsDUMtQvn
687,"Hi Iâ€™ve went to your store here located at harrahs in Las Vegas and ordered a sundae. I am 16 weeks pregnant and once I got to the bottom of the sundae and I put a spoonful in my mouth I noticed that I was chewing on a foreign object. I pulled out a bandage and it was curled up with blood on it. I never left Ben and Jerryâ€™s inside of harrahs as I was waiting to return my scooter my fiancÃ© had got for me. When I returned to the Ben and Jerryâ€™s and showed the one worker there and showed her the bandage she automatically accused me and my fiancÃ© of putting it in my sundae on purpose. She completely denied this and got loud and disrespectful. And started calling me and my fiancÃ© names like bitch and telling us to shut up. She kept being disrespectful and loud. She refused to provide her name, corporate number, and who she reports too. Instead she told us that she was the manager. As she refunded our $15 she slammed it down in front of us completely disrespectfully. She never apologized For this incident and instead called security. I have video proof of the entire incident showing the bandage with blood on it. I will post it and let everyone know not to eat at tht location. The woman didnâ€™t have and gloves on and acted very disrespectfully. I will bring it to corporate and get tested to make sure myself and my unborn child are safe.",False,political,CuRsDUMtQvn
688,Ice cream filled with toxic ingredients,False,political,CuRsDUMtQvn
689,Hey Groomersâ€¦ Give your HQ land back!,False,political,CuRsDUMtQvn
690,Wow I just saw absolutely barbaric cruelty being done by your Dairy suppliers men wearing long rubber gloves shoving fists of male sperm violently in female cows Vaginas how can you promote this sickening barbaric behavior keep impregnating these beautiful innocent animals keeping them pregnant so they produce milk the boys get sold off as Veal because they canâ€™t make milk and the females are exploited until they go to slaughter because their fragile bodies are broken from being raped month after month your company makes me sick to my stomach ðŸ‘ŽðŸ‘ŽðŸ‘ŽðŸ‘ŽðŸ‘ŽðŸ‘ŽðŸ˜¡ðŸ˜¡ðŸ˜¡ðŸ˜¡ðŸ˜¡ðŸ˜¡ðŸ˜¡ðŸ‘ŽðŸ˜¡ðŸ˜¡ðŸ˜¡ðŸ˜¡ðŸ‘ŽðŸ˜­ðŸ˜­ðŸ˜­ðŸ˜­ðŸ˜­ðŸ˜­ðŸ˜­ðŸ˜­ðŸ˜­,False,political,CuRsDUMtQvn
691,"Hello world donâ€™t mean to disturb yâ€™all, but just have to say this here, if you ever need to restore your relationship or cleanse your family from spiritual negativity, @doctor_sambola_ got you covered, heâ€™s a real spiritualist and I confirmed this after he helped me recover my marriage, after my husband left me for 9 months, I never knew anything could be done to make him love me again, but @doctor_sambola_ proved otherwise and restored my marriage, this is just another medium to say thank you @doctor_sambola_ keep making the world smile ðŸ˜Š",False,political,CuRsDUMtQvn
692,You guys given back that stolen land yet?,False,political,CuRsDUMtQvn
693,Give your land back to the Indian tribes #stolenland #unilever you using cow labor for your profits,False,political,CuRsDUMtQvn
694,ðŸ™Œ,False,political,CuRsDUMtQvn
695,Wheeeen?,False,political,CuRsDUMtQvn
